{"version":"0.4","title":"Media Business Homepage V1","type":"page","content":[{"id":"3ecfcd17","settings":{"background_background":"classic","stretch_section":"section-stretched","height":"min-height","custom_height":{"unit":"px","size":500},"background_image":{"id":"201","url":"http:\/\/elementor.ferdykorpershoek.com\/wp-content\/uploads\/2018\/01\/Photography-the-Netherlands-e1516363586897.jpeg"},"background_position":"center center","background_attachment":"fixed","background_size":"cover","background_overlay_background":"gradient","background_overlay_color":"#ff5a69","background_overlay_color_b":"#ff7455","background_overlay_gradient_angle":{"unit":"deg","size":90},"background_overlay_opacity":{"unit":"px","size":0.43},"shape_divider_bottom":"tilt","shape_divider_bottom_height":{"unit":"px","size":84},"shape_divider_bottom_flip":"yes"},"elements":[{"id":"236fc870","settings":{"_column_size":100,"_inline_size":null,"margin":{"unit":"px","top":"-200","right":"0","bottom":"0","left":"0","isLinked":false}},"elements":[{"id":"31c24285","settings":{"title":"ELEMASTRA","align":"center","title_color":"#ffffff","typography_typography":"custom","typography_font_family":"Raleway","typography_font_size":{"unit":"px","size":103},"typography_font_size_mobile":{"unit":"px","size":42},"typography_font_weight":"200","typography_letter_spacing":{"unit":"px","size":5},"_animation":"zoomIn","animation_duration":"slow"},"elements":[],"isInner":false,"widgetType":"heading","elType":"widget"},{"id":"4a91aab1","settings":{"weight":{"unit":"px","size":2},"color":"#ffffff","width":{"unit":"px","size":627},"width_tablet":{"unit":"px","size":627},"width_mobile":{"unit":"px","size":280},"align":"center","gap":{"unit":"px","size":0},"gap_tablet":{"unit":"px","size":0},"_margin":{"unit":"px","top":"-15","right":"0","bottom":"0","left":"0","isLinked":false},"_margin_tablet":{"unit":"px","top":"-5","right":"0","bottom":"-5","left":"0","isLinked":false},"_animation":"fadeInLeft","_animation_delay":500},"elements":[],"isInner":false,"widgetType":"divider","elType":"widget"},{"id":"59a5d42c","settings":{"title":"PHOTOGRAPHY | FILM | WEBDESIGN","align":"center","title_color":"#ffffff","typography_typography":"custom","typography_font_family":"Raleway","typography_font_size":{"unit":"px","size":28},"typography_font_size_mobile":{"unit":"px","size":29},"typography_font_weight":"500","typography_letter_spacing":{"unit":"px","size":5},"_animation":"zoomIn","_animation_delay":1000,"hide_mobile":"hidden-phone"},"elements":[],"isInner":false,"widgetType":"heading","elType":"widget"},{"id":"f79e6bc","settings":{"editor":"<p>PHOTOGRAPHY<br \/> FILM<br \/> WEBDESIGN<\/p>","align":"center","text_color":"#ffffff","typography_typography":"custom","typography_font_family":"Open Sans","typography_font_size":{"unit":"px","size":21},"hide_desktop":"hidden-desktop","hide_tablet":"hidden-tablet"},"elements":[],"isInner":false,"widgetType":"text-editor","elType":"widget"},{"id":"7c45880d","settings":{"structure":"20"},"elements":[{"id":"56ce1891","settings":{"_column_size":50,"_inline_size":null},"elements":[{"id":"a8a5506","settings":{"text":"PORTFOLIO","link":{"url":"\/portfolio","is_external":"","nofollow":""},"align":"right","align_mobile":"center","size":"md","icon":"fa fa-address-card","icon_indent":{"unit":"px","size":11},"typography_typography":"custom","button_text_color":"#ffffff","background_color":"#4caf50","button_background_hover_color":"#ff6661","hover_animation":"shrink","border_width":{"unit":"px","top":"3","right":"3","bottom":"3","left":"3","isLinked":true},"border_color":"#ffffff","border_radius":{"unit":"px","top":"0","right":"0","bottom":"0","left":"0","isLinked":true},"button_box_shadow_box_shadow_type":"yes","button_box_shadow_box_shadow":{"horizontal":0,"vertical":0,"blur":43,"spread":-33,"color":"#ff0015"},"button_box_shadow_box_shadow_position":"inset","_animation":"fadeInLeft","_animation_delay":1500},"elements":[],"isInner":false,"widgetType":"button","elType":"widget"}],"isInner":true,"elType":"column"},{"id":"7e44ab58","settings":{"_column_size":50,"_inline_size":null},"elements":[{"id":"297686d1","settings":{"text":"CONTACT","link":{"url":"\/contact","is_external":"","nofollow":""},"align":"left","align_mobile":"center","size":"md","icon":"fa fa-address-book","icon_indent":{"unit":"px","size":11},"typography_typography":"custom","button_text_color":"#ffffff","background_color":"#ff6661","button_background_hover_color":"#4caf50","hover_animation":"shrink","border_width":{"unit":"px","top":"3","right":"3","bottom":"3","left":"3","isLinked":true},"border_color":"#ffffff","border_radius":{"unit":"px","top":"0","right":"0","bottom":"0","left":"0","isLinked":true},"button_box_shadow_box_shadow_type":"yes","button_box_shadow_box_shadow":{"horizontal":0,"vertical":0,"blur":43,"spread":-33,"color":"#ff0015"},"button_box_shadow_box_shadow_position":"inset","_animation":"fadeInRight","_animation_delay":2000},"elements":[],"isInner":false,"widgetType":"button","elType":"widget"}],"isInner":true,"elType":"column"}],"isInner":true,"elType":"section"}],"isInner":false,"elType":"column"}],"isInner":false,"elType":"section"},{"id":"1124a349","settings":{"height":"min-height","custom_height":{"unit":"px","size":600},"structure":"30","margin":{"unit":"px","top":"-200","right":0,"bottom":"30","left":0,"isLinked":false},"background_background":"classic"},"elements":[{"id":"6f26dca6","settings":{"_column_size":33,"_inline_size":null,"animation":"fadeInUp","animation_duration":"slow","animation_delay":2000},"elements":[{"id":"22db90c6","settings":{"view":"stacked","icon":"fa fa-camera","title_text":"Photography","description_text":"We love photography! Our passion is to capture the wedding, moment or people in such a way that you will be amazed by the end result! We love light, quality and our photo\u2019s are fresh, light and full color.","link":{"url":"\/photography","is_external":"","nofollow":""},"title_size":"h2","icon_space":{"unit":"px","size":5},"icon_size":{"unit":"px","size":28},"icon_padding":{"unit":"px","size":16},"hover_animation":"shrink","title_bottom_space":{"unit":"px","size":9},"_padding":{"unit":"px","top":"27","right":"27","bottom":"0","left":"27","isLinked":false},"_background_background":"classic","_background_color":"#ffffff"},"elements":[],"isInner":false,"widgetType":"icon-box","elType":"widget"},{"id":"29ada55a","settings":{"carousel":[{"id":"205","url":"http:\/\/elementor.ferdykorpershoek.com\/wp-content\/uploads\/2018\/01\/Concert-Photography-Rotterdam-Maassluis-1.jpg"},{"id":"206","url":"http:\/\/elementor.ferdykorpershoek.com\/wp-content\/uploads\/2018\/01\/Fotography-Maassluis-Maasland-1.jpg"},{"id":"207","url":"http:\/\/elementor.ferdykorpershoek.com\/wp-content\/uploads\/2018\/01\/Studio-Photography-Rotterdam-1.jpg"},{"id":"208","url":"http:\/\/elementor.ferdykorpershoek.com\/wp-content\/uploads\/2018\/01\/Wedding-Photography-2017-1.jpg"}],"thumbnail_size":"full","slides_to_show":"1","navigation":"none","pause_on_hover":"no","autoplay_speed":3000,"effect":"fade","speed":1000},"elements":[],"isInner":false,"widgetType":"image-carousel","elType":"widget"},{"id":"4c47f704","settings":{"text":"More Information","link":{"url":"\/photography","is_external":"","nofollow":""},"align":"center","size":"md","icon":"fa fa-camera","hover_animation":"shrink"},"elements":[],"isInner":false,"widgetType":"button","elType":"widget"}],"isInner":false,"elType":"column"},{"id":"26d618a3","settings":{"_column_size":33,"_inline_size":null,"animation":"fadeInUp","animation_duration":"slow","animation_delay":2250},"elements":[{"id":"1fcd7613","settings":{"view":"stacked","icon":"fa fa-video-camera","title_text":"Film","description_text":"In the films we make, the quality should be amazing! But is should not only be nice to watch the quality. There should be a great story. About a wedding couple. The films we make are full of quality.","link":{"url":"\/photography","is_external":"","nofollow":""},"title_size":"h2","icon_space":{"unit":"px","size":5},"icon_size":{"unit":"px","size":28},"icon_padding":{"unit":"px","size":16},"hover_animation":"shrink","title_bottom_space":{"unit":"px","size":9},"_padding":{"unit":"px","top":"27","right":"27","bottom":"0","left":"27","isLinked":false},"_background_background":"classic","_background_color":"#ffffff"},"elements":[],"isInner":false,"widgetType":"icon-box","elType":"widget"},{"id":"7293e9ba","settings":{"video_type":"vimeo","link":"https:\/\/www.youtube.com\/watch?v=9uOETcuFjbE","vimeo_link":"https:\/\/vimeo.com\/221411754","vimeo_autoplay":"yes","vimeo_title":"","vimeo_portrait":"","vimeo_byline":"","hide_tablet":"hidden-tablet","hide_mobile":"hidden-phone","image_overlay":{"id":"85","url":"http:\/\/elementor.ferdykorpershoek.com\/wp-content\/uploads\/2018\/01\/placeholder.png"}},"elements":[],"isInner":false,"widgetType":"video","elType":"widget"},{"id":"7bfd1525","settings":{"video_type":"vimeo","link":"https:\/\/www.youtube.com\/watch?v=9uOETcuFjbE","vimeo_link":"https:\/\/vimeo.com\/221411754","vimeo_title":"","vimeo_portrait":"","vimeo_byline":"","hide_desktop":"hidden-desktop","image_overlay":{"id":"85","url":"http:\/\/elementor.ferdykorpershoek.com\/wp-content\/uploads\/2018\/01\/placeholder.png"}},"elements":[],"isInner":false,"widgetType":"video","elType":"widget"},{"id":"e1dd525","settings":{"text":"More Information","link":{"url":"\/film","is_external":"","nofollow":""},"align":"center","size":"md","icon":"fa fa-video-camera","hover_animation":"shrink"},"elements":[],"isInner":false,"widgetType":"button","elType":"widget"}],"isInner":false,"elType":"column"},{"id":"2156a98e","settings":{"_column_size":33,"_inline_size":null,"animation":"fadeInUp","animation_duration":"slow","animation_delay":2500},"elements":[{"id":"450bc022","settings":{"view":"stacked","icon":"fa fa-address-card-o","title_text":"Webdesign","description_text":"It is important to be seen on the internet. You can have a great business but If people do not see nor find you, what does it profit you? We help you to be found online.","link":{"url":"\/photography","is_external":"","nofollow":""},"title_size":"h2","icon_space":{"unit":"px","size":5},"icon_size":{"unit":"px","size":28},"icon_padding":{"unit":"px","size":16},"hover_animation":"shrink","title_bottom_space":{"unit":"px","size":9},"_padding":{"unit":"px","top":"27","right":"27","bottom":"0","left":"27","isLinked":false},"_background_background":"classic","_background_color":"#ffffff"},"elements":[],"isInner":false,"widgetType":"icon-box","elType":"widget"},{"id":"5fc7ba97","settings":{"carousel":[{"id":"209","url":"http:\/\/elementor.ferdykorpershoek.com\/wp-content\/uploads\/2018\/01\/Counsel-Maassluis-nl-1.jpg"},{"id":"210","url":"http:\/\/elementor.ferdykorpershoek.com\/wp-content\/uploads\/2018\/01\/Emb-Administration-nl-1.jpg"},{"id":"211","url":"http:\/\/elementor.ferdykorpershoek.com\/wp-content\/uploads\/2018\/01\/Jayley-Cosmetics-com-1.jpg"},{"id":"212","url":"http:\/\/elementor.ferdykorpershoek.com\/wp-content\/uploads\/2018\/01\/Step-by-Step-nl-1.jpg"},{"id":"213","url":"http:\/\/elementor.ferdykorpershoek.com\/wp-content\/uploads\/2018\/01\/Vang-Quality-nl-1.jpg"}],"thumbnail_size":"full","slides_to_show":"1","navigation":"none","pause_on_hover":"no","autoplay_speed":3000,"effect":"fade","speed":1000},"elements":[],"isInner":false,"widgetType":"image-carousel","elType":"widget"},{"id":"118c611d","settings":{"text":"More Information","link":{"url":"\/webdesign","is_external":"","nofollow":""},"align":"center","size":"md","icon":"fa fa-address-card-o","hover_animation":"shrink"},"elements":[],"isInner":false,"widgetType":"button","elType":"widget"}],"isInner":false,"elType":"column"}],"isInner":false,"elType":"section"},{"id":"251c422","settings":{"stretch_section":"section-stretched","height":"min-height","custom_height":{"unit":"px","size":600},"structure":"20","background_background":"classic","background_image":{"id":"216","url":"http:\/\/elementor.ferdykorpershoek.com\/wp-content\/uploads\/2018\/01\/WhoWeAre-1.jpg"},"background_position":"top center","background_attachment":"fixed","background_size":"cover"},"elements":[{"id":"3405b42b","settings":{"_column_size":50,"_inline_size":null},"elements":[],"isInner":false,"elType":"column"},{"id":"1099278f","settings":{"_column_size":50,"_inline_size":null,"background_background":"classic","background_color":"rgba(255,255,255,0.67)","margin":{"unit":"%","top":"0","right":"30","bottom":"0","left":"0","isLinked":false},"margin_tablet":{"unit":"%","top":"0","right":"0","bottom":"0","left":"0","isLinked":true},"margin_mobile":{"unit":"px","top":"0","right":"0","bottom":"0","left":"0","isLinked":false},"padding":{"unit":"px","top":"30","right":"30","bottom":"30","left":"30","isLinked":true}},"elements":[{"id":"309b70e3","settings":{"title":"Who We Are. What We Do","typography_typography":"custom","typography_font_weight":"300"},"elements":[],"isInner":false,"widgetType":"heading","elType":"widget"},{"id":"24215ed2","settings":{"weight":{"unit":"px","size":2},"color":"#ff6661","width":{"unit":"%","size":20}},"elements":[],"isInner":false,"widgetType":"divider","elType":"widget"},{"id":"508f819d","settings":{"editor":"<p>We are Ferdy and Anna. Married for 2 years and passionate for photography, videography and webdesign.<\/p><p>We work as a team and combine our talents so we can be of a great service to you.<\/p>"},"elements":[],"isInner":false,"widgetType":"text-editor","elType":"widget"},{"id":"4708ddcc","settings":{"text":"MORE ABOUT US","link":{"url":"\/contact","is_external":"","nofollow":""},"align":"left","align_mobile":"center","size":"md","icon":"fa fa-slideshare","icon_indent":{"unit":"px","size":11},"typography_typography":"custom","button_text_color":"#ffffff","background_color":"#ff6661","button_background_hover_color":"#4caf50","hover_animation":"shrink","border_width":{"unit":"px","top":"3","right":"3","bottom":"3","left":"3","isLinked":true},"border_color":"#ffffff","border_radius":{"unit":"px","top":"0","right":"0","bottom":"0","left":"0","isLinked":true},"button_box_shadow_box_shadow_type":"yes","button_box_shadow_box_shadow":{"horizontal":0,"vertical":0,"blur":43,"spread":-33,"color":"#ff0015"},"button_box_shadow_box_shadow_position":"inset","_animation":"fadeInRight","_animation_delay":2000},"elements":[],"isInner":false,"widgetType":"button","elType":"widget"}],"isInner":false,"elType":"column"}],"isInner":false,"elType":"section"},{"id":"25814cf7","settings":{"background_background":"gradient","background_color":"#ff7455","background_color_b":"#ff5a69","background_gradient_angle":{"unit":"deg","size":90},"margin":{"unit":"px","top":"","right":0,"bottom":"","left":0,"isLinked":true},"padding":{"unit":"px","top":"40","right":"0","bottom":"40","left":"0","isLinked":false}},"elements":[{"id":"85f9f7a","settings":{"_column_size":100},"elements":[{"id":"119a887d","settings":{"title":"What People Say About Us","align":"center","title_color":"#ffffff","typography_typography":"custom","typography_font_size":{"unit":"px","size":40},"typography_font_weight":"300","_margin":{"unit":"px","top":"0","right":"0","bottom":"0","left":"0","isLinked":false}},"elements":[],"isInner":false,"widgetType":"heading","elType":"widget"},{"id":"3b4231af","settings":{"structure":"20"},"elements":[{"id":"11cbaade","settings":{"_column_size":50,"_inline_size":null},"elements":[{"id":"6a3efbbb","settings":{"testimonial_content":"You have to meet Ferdy and Anna. They are an energetic coupleand I am very happy with the end result!","testimonial_image":{"id":"222","url":"http:\/\/elementor.ferdykorpershoek.com\/wp-content\/uploads\/2018\/01\/Wedding-Couple.jpg"},"testimonial_name":"Gwenn & David","testimonial_job":"Newly Weds","content_typography_typography":"custom","content_typography_font_size":{"unit":"px","size":19},"content_typography_line_height":{"unit":"em","size":1.6},"content_typography_letter_spacing":{"unit":"px","size":0.5},"image_size":{"unit":"px","size":89},"image_border_border":"solid","image_border_width":{"unit":"px","top":"2","right":"2","bottom":"2","left":"2","isLinked":true},"image_border_color":"#ff6661","name_typography_typography":"custom","name_typography_font_family":"Raleway","name_typography_font_size":{"unit":"px","size":26},"job_typography_typography":"custom","job_typography_font_family":"Raleway","job_typography_font_size":{"unit":"px","size":15},"job_typography_font_weight":"bold","_padding":{"unit":"px","top":"30","right":"30","bottom":"30","left":"30","isLinked":true},"_animation":"zoomIn","_background_background":"classic","_background_color":"#ffffff","_border_border":"solid","_border_width":{"unit":"px","top":"3","right":"3","bottom":"3","left":"3","isLinked":true},"_border_color":"#ff6661","_border_radius":{"unit":"px","top":"50","right":"50","bottom":"50","left":"50","isLinked":true},"_box_shadow_box_shadow_type":"yes","_box_shadow_box_shadow":{"horizontal":0,"vertical":0,"blur":28,"spread":0,"color":"rgba(0,0,0,0)"},"_border_hover_border":"solid","_border_radius_hover":{"unit":"px","top":"100","right":"100","bottom":"100","left":"100","isLinked":true}},"elements":[],"isInner":false,"widgetType":"testimonial","elType":"widget"}],"isInner":true,"elType":"column"},{"id":"410d144d","settings":{"_column_size":50,"_inline_size":null},"elements":[{"id":"1c24dd83","settings":{"testimonial_content":"You have to meet Ferdy and Anna. They are an energetic coupleand I am very happy with the end result!","testimonial_image":{"id":"220","url":"http:\/\/elementor.ferdykorpershoek.com\/wp-content\/uploads\/2018\/01\/Elisa.jpeg"},"testimonial_name":"Elisa","testimonial_job":"Blogger","content_typography_typography":"custom","content_typography_font_size":{"unit":"px","size":19},"content_typography_line_height":{"unit":"em","size":1.6},"content_typography_letter_spacing":{"unit":"px","size":0.5},"image_size":{"unit":"px","size":89},"image_border_border":"solid","image_border_width":{"unit":"px","top":"2","right":"2","bottom":"2","left":"2","isLinked":true},"image_border_color":"#ff6661","name_typography_typography":"custom","name_typography_font_family":"Raleway","name_typography_font_size":{"unit":"px","size":26},"job_typography_typography":"custom","job_typography_font_family":"Raleway","job_typography_font_size":{"unit":"px","size":15},"job_typography_font_weight":"bold","_padding":{"unit":"px","top":"30","right":"30","bottom":"30","left":"30","isLinked":true},"_animation":"zoomIn","_background_background":"classic","_background_color":"#ffffff","_border_border":"solid","_border_width":{"unit":"px","top":"3","right":"3","bottom":"3","left":"3","isLinked":true},"_border_color":"#ff6661","_border_radius":{"unit":"px","top":"50","right":"50","bottom":"50","left":"50","isLinked":true},"_box_shadow_box_shadow_type":"yes","_box_shadow_box_shadow":{"horizontal":0,"vertical":0,"blur":28,"spread":0,"color":"rgba(0,0,0,0)"},"_border_hover_border":"solid","_border_radius_hover":{"unit":"px","top":"100","right":"100","bottom":"100","left":"100","isLinked":true}},"elements":[],"isInner":false,"widgetType":"testimonial","elType":"widget"}],"isInner":true,"elType":"column"}],"isInner":true,"elType":"section"},{"id":"602e2d21","settings":{"structure":"20"},"elements":[{"id":"3d529c5a","settings":{"_column_size":50,"_inline_size":null},"elements":[{"id":"1a6988db","settings":{"testimonial_content":"Ferdy and Anna created some amazing pictures of me and my companions. Huge thanks!","testimonial_image":{"id":"221","url":"http:\/\/elementor.ferdykorpershoek.com\/wp-content\/uploads\/2018\/01\/Heather.jpeg"},"testimonial_name":"Heather","testimonial_job":"Traveler","content_typography_typography":"custom","content_typography_font_size":{"unit":"px","size":19},"content_typography_line_height":{"unit":"em","size":1.6},"content_typography_letter_spacing":{"unit":"px","size":0.5},"image_size":{"unit":"px","size":89},"image_border_border":"solid","image_border_width":{"unit":"px","top":"2","right":"2","bottom":"2","left":"2","isLinked":true},"image_border_color":"#ff6661","name_typography_typography":"custom","name_typography_font_family":"Raleway","name_typography_font_size":{"unit":"px","size":26},"job_typography_typography":"custom","job_typography_font_family":"Raleway","job_typography_font_size":{"unit":"px","size":15},"job_typography_font_weight":"bold","_padding":{"unit":"px","top":"30","right":"30","bottom":"30","left":"30","isLinked":true},"_animation":"zoomIn","_background_background":"classic","_background_color":"#ffffff","_border_border":"solid","_border_width":{"unit":"px","top":"3","right":"3","bottom":"3","left":"3","isLinked":true},"_border_color":"#ff6661","_border_radius":{"unit":"px","top":"50","right":"50","bottom":"50","left":"50","isLinked":true},"_box_shadow_box_shadow_type":"yes","_box_shadow_box_shadow":{"horizontal":0,"vertical":0,"blur":28,"spread":0,"color":"rgba(0,0,0,0)"},"_border_hover_border":"solid","_border_radius_hover":{"unit":"px","top":"100","right":"100","bottom":"100","left":"100","isLinked":true}},"elements":[],"isInner":false,"widgetType":"testimonial","elType":"widget"}],"isInner":true,"elType":"column"},{"id":"593955f2","settings":{"_column_size":50,"_inline_size":null},"elements":[{"id":"5eb1fa20","settings":{"testimonial_content":"Ferdy and Anna created some amazing pictures of me and my companions. Huge thanks!","testimonial_image":{"id":"219","url":"http:\/\/elementor.ferdykorpershoek.com\/wp-content\/uploads\/2018\/01\/Daniel.jpg"},"testimonial_name":"Daniel","testimonial_job":"Designer","content_typography_typography":"custom","content_typography_font_size":{"unit":"px","size":19},"content_typography_line_height":{"unit":"em","size":1.6},"content_typography_letter_spacing":{"unit":"px","size":0.5},"image_size":{"unit":"px","size":89},"image_border_border":"solid","image_border_width":{"unit":"px","top":"2","right":"2","bottom":"2","left":"2","isLinked":true},"image_border_color":"#ff6661","name_typography_typography":"custom","name_typography_font_family":"Raleway","name_typography_font_size":{"unit":"px","size":26},"job_typography_typography":"custom","job_typography_font_family":"Raleway","job_typography_font_size":{"unit":"px","size":15},"job_typography_font_weight":"bold","_padding":{"unit":"px","top":"30","right":"30","bottom":"30","left":"30","isLinked":true},"_animation":"zoomIn","_background_background":"classic","_background_color":"#ffffff","_border_border":"solid","_border_width":{"unit":"px","top":"3","right":"3","bottom":"3","left":"3","isLinked":true},"_border_color":"#ff6661","_border_radius":{"unit":"px","top":"50","right":"50","bottom":"50","left":"50","isLinked":true},"_box_shadow_box_shadow_type":"yes","_box_shadow_box_shadow":{"horizontal":0,"vertical":0,"blur":28,"spread":0,"color":"rgba(0,0,0,0)"},"_border_hover_border":"solid","_border_radius_hover":{"unit":"px","top":"100","right":"100","bottom":"100","left":"100","isLinked":true}},"elements":[],"isInner":false,"widgetType":"testimonial","elType":"widget"}],"isInner":true,"elType":"column"}],"isInner":true,"elType":"section"}],"isInner":false,"elType":"column"}],"isInner":false,"elType":"section"},{"id":"4b521eec","settings":{"margin":{"unit":"px","top":"0","right":0,"bottom":"-45","left":0,"isLinked":false},"padding":{"unit":"px","top":"40","right":"0","bottom":"40","left":"0","isLinked":false},"background_background":"classic","background_color":"#ffffff"},"elements":[{"id":"181536b1","settings":{"_column_size":100},"elements":[{"id":"4f5509c7","settings":{"title":"The Clients We Work For","align":"center","title_color":"#ff6661","typography_typography":"custom","typography_font_size":{"unit":"px","size":40},"typography_font_weight":"300","_margin":{"unit":"px","top":"0","right":"0","bottom":"0","left":"0","isLinked":false}},"elements":[],"isInner":false,"widgetType":"heading","elType":"widget"},{"id":"282d158d","settings":{"carousel":[{"id":"225","url":"http:\/\/elementor.ferdykorpershoek.com\/wp-content\/uploads\/2018\/01\/bbpress-1.png"},{"id":"226","url":"http:\/\/elementor.ferdykorpershoek.com\/wp-content\/uploads\/2018\/01\/envato-1.png"},{"id":"227","url":"http:\/\/elementor.ferdykorpershoek.com\/wp-content\/uploads\/2018\/01\/themeforest-1.png"},{"id":"228","url":"http:\/\/elementor.ferdykorpershoek.com\/wp-content\/uploads\/2018\/01\/woocommerce-1.png"},{"id":"229","url":"http:\/\/elementor.ferdykorpershoek.com\/wp-content\/uploads\/2018\/01\/wordpress-1.png"},{"id":"230","url":"http:\/\/elementor.ferdykorpershoek.com\/wp-content\/uploads\/2018\/01\/wpml-1.png"}],"thumbnail_size":"medium","slides_to_scroll":"1","autoplay_speed":2000},"elements":[],"isInner":false,"widgetType":"image-carousel","elType":"widget"}],"isInner":false,"elType":"column"}],"isInner":false,"elType":"section"}]}